Εβδομάδα 27,,,,,,
player-name,SHMEIO,Under/Over,Score,Scorer,Double points,match name
"Δημήτρης Παπαδιονυσίου","-/1","Over 2.5","-","Χ. Σον","SHMEIO","Τότεναμ - Άρσεναλ"
"Πέτρος Πέτρου","-/1","Over 2.5","-","Ν. Κουλουσέφσκι","SCORER","Τότεναμ - Άρσεναλ"
"Τάσος Μουντάκης","-/1","Over 2.5","-","Χ. Σον","UNDER / OVER","Τότεναμ - Άρσεναλ"
"Αντρέας Αθανασιάδης","-/2","Over 2.5","-","Χ. Σον","SCORER","Τότεναμ - Άρσεναλ"
"Χαράλαμπος Κλαπάκης","1/X","-","2-2","Μ. Έντεγκαρντ","SHMEIO","Τότεναμ - Άρσεναλ"
"Χάρης Τσουκαλάς","-/1","Over 1.5","-","Χ. Κέιν","SCORER","Τότεναμ - Άρσεναλ"
"Ηλίας Κεφαλιακός","-/2","-","1-2","Α. Λακαζέτ","","Τότεναμ - Άρσεναλ"
"Αλέξανδρος Μουντάκης","-/1","-","2-1","Χ. Κέιν","","Τότεναμ - Άρσεναλ"
"Δημητρης Κολλάρος","-/X","-","1-1","Χ. Σον","","Τότεναμ - Άρσεναλ"
"Γιώργος Ζέρβας","-/1","-","2-1","Χ. Κέιν","SHMEIO","Τότεναμ - Άρσεναλ"
"Φοίβος Μητρούλης","-/1","Over 2.5","-","Χ. Κέιν","UNDER / OVER","Τότεναμ - Άρσεναλ"
"Νίκος Μπιρμπιλής","X/X","-","2-2","Ε. Ντάιερ","","Τότεναμ - Άρσεναλ"
"Κώστας Κοντονάτσης","-/1","-","2-1","Χ. Σον","","Τότεναμ - Άρσεναλ"
"Παναγιώτης Νομικός","-/1","-","2-1","Χ. Κέιν","SHMEIO","Τότεναμ - Άρσεναλ"
"The Beast","-/1","-","-","","","Τότεναμ - Άρσεναλ"
"Γιώργος Φουντουλάκης","1/1","-","2-1","","SHMEIO","Τότεναμ - Άρσεναλ"
"george","-/2","-","1-3","Σ. Σοάρες","SHMEIO","Τότεναμ - Άρσεναλ"
"Παναγιώτης Παρζάλης","-/1","Over 2.5","-","Χ. Σον","SCORER","Τότεναμ - Άρσεναλ"
"Παναγιώτης Θεοφάνους","-/X","-","1-1","Χ. Κέιν","SHMEIO","Τότεναμ - Άρσεναλ"
"Δημήτρης Πραγιάς","-/1","-","4-2","Σ. Ρεγκιλόν","SHMEIO","Τότεναμ - Άρσεναλ"
"Θωμάς Τσιτσιώκας","1/1","-","3-1","Χ. Σον","SHMEIO","Τότεναμ - Άρσεναλ"
"Φραγκίσκος Σαγκινέτος","-/1","Over 2.5","-","Χ. Κέιν","","Τότεναμ - Άρσεναλ"
"Αντρέας Αθανασιάδης","-/2","Over 2.5","-","Ν. Βλάχοβιτς","SCORER","Γιουβέντους - Ίντερ Μ."
"Ηλίας Κεφαλιακός","-/X","-","1-1","Ν. Βλάχοβιτς","SHMEIO","Γιουβέντους - Ίντερ Μ."
"Γιώργος Ζέρβας","X/X","-","0-0","","SHMEIO","Γιουβέντους - Ίντερ Μ."
"Γιώργος Φουντουλάκης","X/X","-","1-1","","SHMEIO","Γιουβέντους - Ίντερ Μ."
"Πέτρος Πέτρου","-/X","Under 1.5","-","Μ. Ντε Λιχτ","SHMEIO","Γιουβέντους - Ίντερ Μ."
"george","-/1","-","2-1","Π. Ντυμπάλα","SHMEIO","Γιουβέντους - Ίντερ Μ."
"Δημητρης Κολλάρος","-/2","Over 2.5","-","Λ. Μαρτίνεζ","UNDER / OVER","Γιουβέντους - Ίντερ Μ."
"Αλέξανδρος Μουντάκης","-/2","Over 2.5","-","Λ. Μαρτίνεζ","SHMEIO","Γιουβέντους - Ίντερ Μ."
"Θωμάς Τσιτσιώκας","X/X","-","1-1","Ν. Βλάχοβιτς","SHMEIO","Γιουβέντους - Ίντερ Μ."
"Παναγιώτης Θεοφάνους","-/X","-","1-1","Π. Ντυμπάλα","","Γιουβέντους - Ίντερ Μ."
"Δημήτρης Πραγιάς","-/2","-","2-3","Ν. Μπαρέλα","SHMEIO","Γιουβέντους - Ίντερ Μ."
"Τάσος Μουντάκης","X/X","-","1-1","Ν. Βλάχοβιτς","SHMEIO","Γιουβέντους - Ίντερ Μ."
"Χάρης Τσουκαλάς","-/X","-","1-1","Ν. Βλάχοβιτς","","Γιουβέντους - Ίντερ Μ."
"Φραγκίσκος Σαγκινέτος","X/X","-","1-1","Λ. Μαρτίνεζ","","Γιουβέντους - Ίντερ Μ."
"Νίκος Μπιρμπιλής","-/2","-","1-2","Ε. Τζέκο","","Γιουβέντους - Ίντερ Μ."
"Sol","-/2","-","1-2","Μ. Σκρίνιαρ","","Γιουβέντους - Ίντερ Μ."
"Παναγιώτης Παρζάλης","-/X","Under 2.5","-","Τ. Κιελίνι","","Γιουβέντους - Ίντερ Μ."
"Δημήτρης Δουκέρης","-/2","Over 2.5","","Ι. Πέρισιτς","UNDER / OVER","Γιουβέντους - Ίντερ Μ."
"Μιχάλης Σοφοκλέους","X/X","Under 2.5","-","Λ. Μαρτίνεζ","SCORER","Γιουβέντους - Ίντερ Μ."
"Κώστας Κοντονάτσης","-/X","-","1-1","Λ. Μαρτίνεζ","","Γιουβέντους - Ίντερ Μ."
"Δημήτρης Παπαδιονυσίου","-/X","-","1-1","Ν. Βλάχοβιτς","","Γιουβέντους - Ίντερ Μ."
"Ηλίας Κεφαλιακός","-/1","-","1-0","Τ. Σοάρες","SHMEIO","Ολυμπιακός - Παναθηναϊκός"
"Γιώργος Φουντουλάκης","X/X","-","0-0","","SHMEIO","Ολυμπιακός - Παναθηναϊκός"
"Πέτρος Πέτρου","-/X","Over 1.5","-","Σ. Παλάσιος","","Ολυμπιακός - Παναθηναϊκός"
"Αντρέας Αθανασιάδης","-/1","Over 2.5","-","Ρ. Λόπες","SCORER","Ολυμπιακός - Παναθηναϊκός"
"Γιώργος Ζέρβας","X/X","-","0-0","","SHMEIO","Ολυμπιακός - Παναθηναϊκός"
"george","-/1","-","1-0","Ο. Ρέαμπτσιουκ","SHMEIO","Ολυμπιακός - Παναθηναϊκός"
"Δημητρης Κολλάρος","-/X","-","1-1","Σ. Παλάσιος","","Ολυμπιακός - Παναθηναϊκός"
"Παναγιώτης Παρζάλης","-/X","-","1-1","Σ. Παλάσιος","SHMEIO","Ολυμπιακός - Παναθηναϊκός"
"Θωμάς Τσιτσιώκας","-/2","Over 1.5","-","Καρλίτος","","Ολυμπιακός - Παναθηναϊκός"
"Παναγιώτης Θεοφάνους","-/1","-","2-0","Γ. Ελ Αραμπί","SHMEIO","Ολυμπιακός - Παναθηναϊκός"
"Δημήτρης Πραγιάς","-/X","Under 2.5","-","Μαουρίσιο","","Ολυμπιακός - Παναθηναϊκός"
"Τάσος Μουντάκης","-/1","Under 2.5","-","Α. Καμαρά","","Ολυμπιακός - Παναθηναϊκός"
"Χάρης Τσουκαλάς","-/1","-","2-0","Γ. Ελ Αραμπί","SCORER","Ολυμπιακός - Παναθηναϊκός"
"Νίκος Μπιρμπιλής","-/1","Under 3.5","-","Γ. Μασούρας","SCORER","Ολυμπιακός - Παναθηναϊκός"
"Φραγκίσκος Σαγκινέτος","X/X","-","1-1","Γ. Ελ Αραμπί","SHMEIO","Ολυμπιακός - Παναθηναϊκός"
"Αλέξανδρος Μουντάκης","-/1","Under 2.5","-","Γ. Μασούρας","","Ολυμπιακός - Παναθηναϊκός"
"Φοίβος Μητρούλης","-/1","-","2-1","Γ. Ελ Αραμπί","","Ολυμπιακός - Παναθηναϊκός"
"Sol","-/X","Over 2.5","-","Αϊτόρ","","Ολυμπιακός - Παναθηναϊκός"
"Δημήτρης Δουκέρης","-/1","Under 2.5","-","Α. Καμαρά","","Ολυμπιακός - Παναθηναϊκός"
"Μιχάλης Σοφοκλέους","X/1","-","2-0","Γ. Ελ Αραμπί","SHMEIO","Ολυμπιακός - Παναθηναϊκός"
"Κώστας Κοντονάτσης","-/1","Under 3.5","-","Γ. Ελ Αραμπί","SHMEIO","Ολυμπιακός - Παναθηναϊκός"
"Δημήτρης Παπαδιονυσίου","-/1","-","1-0","Γ. Ελ Αραμπί","SHMEIO","Ολυμπιακός - Παναθηναϊκός"
"Πέτρος Πέτρου","-/1","Over 1.5","-","Α. Τσόλακ","","ΠΑΟΚ - Άρης"
"Αντρέας Αθανασιάδης","-/1","Over 2.5","-","Γ. Κούρτιτς","SCORER","ΠΑΟΚ - Άρης"
"Τάσος Μουντάκης","-/X","Under 2.5","-","Α. Ζίβκοβιτς","","ΠΑΟΚ - Άρης"
"Αλέξανδρος Μουντάκης","-/1","Under 2.5","-","Γ. Κούρτιτς","UNDER / OVER","ΠΑΟΚ - Άρης"
"Παναγιώτης Θεοφάνους","-/1","-","2-0","Γ. Κούρτιτς","","ΠΑΟΚ - Άρης"
"Δημήτρης Πραγιάς","-/X","Under 2.5","-","Α. Καμαρά","","ΠΑΟΚ - Άρης"
"Θωμάς Τσιτσιώκας","-/1","-","3-1","Γ. Κούρτιτς","SHMEIO","ΠΑΟΚ - Άρης"
"Χάρης Τσουκαλάς","-/1","Under 2.5","-","Γ. Κούρτιτς","","ΠΑΟΚ - Άρης"
"Νίκος Μπιρμπιλής","-/1","Over 2.5","-","Ν. Ολιβέιρα","SCORER","ΠΑΟΚ - Άρης"
"Φραγκίσκος Σαγκινέτος","X/X","-","1-1","Τ. Άκπομ","SHMEIO","ΠΑΟΚ - Άρης"
"george","X/X","Under 4.5","","","SHMEIO","ΠΑΟΚ - Άρης"
"Φοίβος Μητρούλης","-/X","Under 2.5","-","Ν. Ολιβέιρα","","ΠΑΟΚ - Άρης"
"Παναγιώτης Παρζάλης","-/1","-","2-1","Τ. Άκπομ","SCORER","ΠΑΟΚ - Άρης"
"Δημήτρης Δουκέρης","-/1","Under 2.5","-","Α. Ζίβκοβιτς","","ΠΑΟΚ - Άρης"
"Μιχάλης Σοφοκλέους","X/X","-","1-1","Γ. Κούρτιτς","SCORER","ΠΑΟΚ - Άρης"
"Κώστας Κοντονάτσης","-/1","Under 2.5","-","Γ. Κούρτιτς","UNDER / OVER","ΠΑΟΚ - Άρης"
"Δημήτρης Παπαδιονυσίου","-/1","-","1-0","Γ. Κούρτιτς","SHMEIO","ΠΑΟΚ - Άρης"
"Sol","-/1","Under 2.5","-","Γ. Κούρτιτς","SHMEIO","ΠΑΟΚ - Άρης"
"The Beast","1/1","Under 1.5","","","UNDER / OVER","ΠΑΟΚ - Άρης"
"Δημητρης Κολλάρος","-/1","-","2-1","Γ. Κούρτιτς","SHMEIO","ΠΑΟΚ - Άρης"
