Εβδομάδα 30,,,,,,
player-name,SHMEIO,Under/Over,Score,Scorer,Double points,match name
"Τάσος Μουντάκης","-/1","2 ή 3","-","Φ. Τόρρες","","22/05/2022 Μπαρτσελόνα - Βιγιαρεάλ"
"Δημήτρης Παπαδιονυσίου","-/2","-","1-2","Π. Εστουπινάν","","22/05/2022 Μπαρτσελόνα - Βιγιαρεάλ"
"Παναγιώτης Παρζάλης","-/X","Ακριβώς 4","-","Ζ. Μορένο","","22/05/2022 Μπαρτσελόνα - Βιγιαρεάλ"
"Φοίβος Μητρούλης","-/1","Over 2.5","-","Μ. Ντεπάι","","22/05/2022 Μπαρτσελόνα - Βιγιαρεάλ"
"george","-/1","-","2-0","Α. Τραορέ","SHMEIO","22/05/2022 Μπαρτσελόνα - Βιγιαρεάλ"
