Εβδομάδα 30,,,,,,
player-name,SHMEIO,Under/Over,Score,Scorer,Double points,match name
"Τάσος Μουντάκης","-/1","-","2-1","Χ. Καγιεχόν","SHMEIO","21/05/2022 Φιορεντίνα - Γιουβέντους"
"Δημήτρης Παπαδιονυσίου","-/1","-","2-1","Ν. Γκονζάλες","SHMEIO","21/05/2022 Φιορεντίνα - Γιουβέντους"
"Παναγιώτης Παρζάλης","-/1","Over 2.5","-","Ν. Γκονζάλες","SHMEIO","21/05/2022 Φιορεντίνα - Γιουβέντους"
"Φραγκίσκος Σαγκινέτος","X/2","-","1-2","Ν. Βλάχοβιτς","","21/05/2022 Φιορεντίνα - Γιουβέντους"
"Φοίβος Μητρούλης","-/2","Over 2.5","-","Ν. Βλάχοβιτς","","21/05/2022 Φιορεντίνα - Γιουβέντους"
"Δημητρης Κολλάρος","-/X","1 ή 2","-","Ν. Βλάχοβιτς","UNDER / OVER","21/05/2022 Φιορεντίνα - Γιουβέντους"
