Εβδομάδα 30,,,,,,
player-name,SHMEIO,Under/Over,Score,Scorer,Double points,match name
"Τάσος Μουντάκης","-/X","-","1-1","Αϊτόρ","","21/05/2022 Παναθηναϊκός - ΠΑΟΚ"
"Δημήτρης Παπαδιονυσίου","-/X","-","1-1","Σ. Παλάσιος","","21/05/2022 Παναθηναϊκός - ΠΑΟΚ"
"Παναγιώτης Παρζάλης","-/1","Over 1.5","-","Σ. Παλάσιος","SCORER","21/05/2022 Παναθηναϊκός - ΠΑΟΚ"
"Φραγκίσκος Σαγκινέτος","X/X","-","1-1","Τ. Άκπομ","SHMEIO","21/05/2022 Παναθηναϊκός - ΠΑΟΚ"
"Φοίβος Μητρούλης","-/X","-","1-1","Φ. Μακέντα","SHMEIO","21/05/2022 Παναθηναϊκός - ΠΑΟΚ"
"Δημητρης Κολλάρος","-/1","1 ή 2","-","Αϊτόρ","SHMEIO","21/05/2022 Παναθηναϊκός - ΠΑΟΚ"
